_c0,event_name,event_id,event_type,trans_min,trans_max,presale_start,presale_end,pub_sale_start,pub_sale_end,event_date,event_promoter,event_attraction_ids,resaleStatus,status
0,Memphis Grizzlies vs. Phoenix Suns,G5viZ983ugpCP,Basketball,60.0,656.0,2022-08-17T20:00:00Z,2022-08-17T21:59:00Z,2022-08-17T22:00:00Z,2022-12-28T03:00:00Z,2022-12-27T00:00:00.000-05:00,NBA REGULAR SEASON,"K8vZ9171Kg7, K8vZ9171oZf",TICKETS_AVAILABLE,FEW_TICKETS_LEFT
1,Phoenix Suns vs. Memphis Grizzlies,G5v0Z98m2Ro4N,Basketball,79.0,4750.0,2022-08-17T19:30:00Z,2022-08-29T20:00:00Z,2022-08-29T20:00:00Z,2022-12-24T05:00:00Z,2022-12-23T00:00:00.000-05:00,NBA REGULAR SEASON,"K8vZ9171oZf, K8vZ9171Kg7",TICKETS_AVAILABLE,FEW_TICKETS_LEFT
2,Golden State Warriors vs. Phoenix Suns,G5vYZ98wrHxhM,Basketball,115.0,1575.0,2022-08-17T19:00:00Z,2022-10-19T02:00:00Z,2022-09-15T17:00:00Z,2023-01-11T03:30:00Z,2023-01-10T00:00:00.000-05:00,NBA REGULAR SEASON,"K8vZ9171oa0, K8vZ9171oZf",TICKETS_AVAILABLE,FEW_TICKETS_LEFT
3,Minnesota Timberwolves vs. Phoenix Suns,Z7r9jZ1Ad4s0a,Basketball,0.0,0.0,NA,NA,1900-01-01T18:00:00Z,2023-01-14T01:00:00Z,2023-01-13T00:00:00.000-05:00,NA,"K8vZ9171o10, K8vZ9171oZf",UNKNOWN,UNKNOWN
4,Phoenix Suns vs. Miami Heat,G5v0Z98m2fo8J,Basketball,72.0,3300.0,2022-08-17T19:30:00Z,2022-08-29T20:00:00Z,2022-08-29T20:00:00Z,2023-01-07T05:00:00Z,2023-01-06T00:00:00.000-05:00,NBA REGULAR SEASON,"K8vZ9171oZf, K8vZ9171oZ7",TICKETS_AVAILABLE,FEW_TICKETS_LEFT
5,Milwaukee Bucks v. Phoenix Suns,vvG1jZ9KbsbPCD,Basketball,34.0,2940.0,2022-09-26T15:00:00Z,2022-10-01T04:59:00Z,2022-10-01T15:00:00Z,2023-02-26T20:00:00Z,2023-02-26T00:00:00.000-05:00,NBA REGULAR SEASON,"K8vZ91718TV, K8vZ9171oZf",TICKETS_AVAILABLE,FEW_TICKETS_LEFT
6,Brooklyn Nets vs. Phoenix Suns,Z7r9jZ1Ad4s-N,Basketball,0.0,0.0,NA,NA,1900-01-01T18:00:00Z,2023-02-08T00:30:00Z,2023-02-07T00:00:00.000-05:00,NA,"K8vZ9171o5f, K8vZ9171oZf",UNKNOWN,UNKNOWN
7,Memphis Grizzlies vs. Phoenix Suns,G5viZ983uBk29,Basketball,40.0,385.0,2022-08-17T20:00:00Z,2022-08-17T21:59:00Z,2022-08-17T22:00:00Z,2023-01-17T01:00:00Z,2023-01-16T00:00:00.000-05:00,NBA REGULAR SEASON,"K8vZ9171Kg7, K8vZ9171oZf",TICKETS_AVAILABLE,FEW_TICKETS_LEFT
8,Phoenix Suns vs. Brooklyn Nets,G5v0Z98m24-oh,Basketball,59.0,3150.0,2022-08-17T19:30:00Z,2022-08-29T20:00:00Z,2022-08-29T20:00:00Z,2023-01-20T05:00:00Z,2023-01-19T00:00:00.000-05:00,NBA REGULAR SEASON,"K8vZ9171oZf, K8vZ9171o5f",TICKETS_AVAILABLE,FEW_TICKETS_LEFT
9,Golden State Warriors vs. Phoenix Suns,G5vYZ98wL73qQ,Basketball,115.0,1575.0,2022-08-17T19:00:00Z,2022-10-19T02:00:00Z,2022-09-15T17:00:00Z,2023-03-14T02:30:00Z,2023-03-13T00:00:00.000-04:00,NBA REGULAR SEASON,"K8vZ9171oa0, K8vZ9171oZf",TICKETS_AVAILABLE,FEW_TICKETS_LEFT
10,Phoenix Suns vs. Indiana Pacers,G5v0Z98m2pooN,Basketball,49.0,2363.0,2022-08-17T19:30:00Z,2022-08-29T20:00:00Z,2022-08-29T20:00:00Z,2023-01-22T04:00:00Z,2023-01-21T00:00:00.000-05:00,NBA REGULAR SEASON,"K8vZ9171oZf, K8vZ9171o1f",TICKETS_AVAILABLE,FEW_TICKETS_LEFT
11,Phoenix Suns vs. Memphis Grizzlies,G5v0Z98m2psoc,Basketball,64.0,2500.0,2022-08-17T19:30:00Z,2022-08-29T20:00:00Z,2022-08-29T20:00:00Z,2023-01-23T03:00:00Z,2023-01-22T00:00:00.000-05:00,NBA REGULAR SEASON,"K8vZ9171oZf, K8vZ9171Kg7",TICKETS_AVAILABLE,FEW_TICKETS_LEFT
12,Phoenix Suns vs. Milwaukee Bucks,G5v0Z98m2qo3r,Basketball,79.0,3300.0,2022-08-17T19:30:00Z,2022-08-29T20:00:00Z,2022-08-29T20:00:00Z,2023-03-15T04:00:00Z,2023-03-14T00:00:00.000-04:00,NBA REGULAR SEASON,"K8vZ9171oZf, K8vZ91718TV",TICKETS_AVAILABLE,FEW_TICKETS_LEFT
13,Indiana Pacers vs. Phoenix Suns,vvG1fZ98wnoNDX,Basketball,20.0,371.0,2022-08-17T19:00:00Z,2022-10-12T23:00:00Z,2022-09-28T18:00:00Z,2023-02-11T00:00:00Z,2023-02-10T00:00:00.000-05:00,NBA REGULAR SEASON,"K8vZ9171o1f, K8vZ9171oZf",TICKETS_AVAILABLE,FEW_TICKETS_LEFT
14,Phoenix Suns vs. Oklahoma City Thunder,G5v0Z98m2ho35,Basketball,39.0,2363.0,2022-08-17T19:30:00Z,2022-08-29T20:00:00Z,2022-08-29T20:00:00Z,2023-02-25T04:00:00Z,2023-02-24T00:00:00.000-05:00,NBA REGULAR SEASON,"K8vZ9171oZf, K8vZ917GCg7",TICKETS_AVAILABLE,FEW_TICKETS_LEFT
15,Phoenix Suns vs. Charlotte Hornets,G5v0Z98m29-oR,Basketball,34.0,2363.0,2022-08-17T19:30:00Z,2022-08-29T20:00:00Z,2022-08-29T20:00:00Z,2023-01-25T04:00:00Z,2023-01-24T00:00:00.000-05:00,NBA REGULAR SEASON,"K8vZ9171oZf, K8vZ9175Nnf",TICKETS_AVAILABLE,FEW_TICKETS_LEFT
16,Atlanta Hawks vs. Phoenix Suns,vvG1zZ98S__SwH,Basketball,38.0,981.0,2022-08-25T15:00:00Z,2022-08-29T15:59:00Z,2022-08-29T16:00:00Z,2023-02-10T01:30:00Z,2023-02-09T00:00:00.000-05:00,NBA REGULAR SEASON,"K8vZ91718XV, K8vZ9171oZf",TICKETS_AVAILABLE,FEW_TICKETS_LEFT
17,San Antonio Spurs vs. Phoenix Suns,G5dIZ98UoPoSL,Basketball,24.0,1660.0,2022-08-17T19:00:00Z,2022-08-18T03:00:00Z,2022-08-19T15:00:00Z,2023-01-29T02:00:00Z,2023-01-28T00:00:00.000-05:00,NBA REGULAR SEASON,"K8vZ9171ov0, K8vZ9171oZf",TICKETS_AVAILABLE,FEW_TICKETS_LEFT
18,Sacramento Kings vs. Phoenix Suns,G5vYZ98KcFtaq,Basketball,10.0,960.0,2022-08-17T19:05:00Z,2022-08-18T18:59:00Z,2022-08-18T19:00:00Z,2023-03-25T03:00:00Z,2023-03-24T00:00:00.000-04:00,NBA REGULAR SEASON,"K8vZ9171o50, K8vZ9171oZf",TICKETS_AVAILABLE,FEW_TICKETS_LEFT
19,Charlotte Hornets vs. Phoenix Suns,G5eVZ92m6Lx7q,Basketball,16.5,435.0,2022-08-18T13:00:00Z,2022-08-19T13:59:00Z,2022-08-19T14:00:00Z,2023-03-02T01:30:00Z,2023-03-01T00:00:00.000-05:00,NBA REGULAR SEASON,"K8vZ9175Nnf, K8vZ9171oZf",TICKETS_AVAILABLE,FEW_TICKETS_LEFT
20,Phoenix Suns vs. Sacramento Kings,G5v0Z98m2Qv3Z,Basketball,27.0,2363.0,2022-08-17T19:30:00Z,2022-08-29T20:00:00Z,2022-08-29T20:00:00Z,2023-02-15T04:00:00Z,2023-02-14T00:00:00.000-05:00,NBA REGULAR SEASON,"K8vZ9171oZf, K8vZ9171o50",TICKETS_AVAILABLE,FEW_TICKETS_LEFT
21,Phoenix Suns vs. Sacramento Kings,G5v0Z98m2j-38,Basketball,45.0,2978.0,2022-08-17T19:30:00Z,2022-08-29T20:00:00Z,2022-08-29T20:00:00Z,2023-03-12T04:00:00Z,2023-03-11T00:00:00.000-05:00,NBA REGULAR SEASON,"K8vZ9171oZf, K8vZ9171o50",TICKETS_AVAILABLE,FEW_TICKETS_LEFT
22,Utah Jazz vs. Phoenix Suns,G5vzZ98HrkJVr,Basketball,30.0,2000.0,2022-08-17T19:00:00Z,2022-08-22T16:00:00Z,2022-08-22T16:00:00Z,2023-03-28T02:00:00Z,2023-03-27T00:00:00.000-04:00,NBA REGULAR SEASON,"K8vZ9171o5V, K8vZ9171oZf",TICKETS_AVAILABLE,FEW_TICKETS_LEFT
23,Phoenix Suns vs. Atlanta Hawks,G5v0Z98m2_ooU,Basketball,38.0,2978.0,2022-08-17T19:30:00Z,2022-08-29T20:00:00Z,2022-08-29T20:00:00Z,2023-02-02T05:00:00Z,2023-02-01T00:00:00.000-05:00,NBA REGULAR SEASON,"K8vZ9171oZf, K8vZ91718XV",TICKETS_AVAILABLE,FEW_TICKETS_LEFT
24,Phoenix Suns vs. Orlando Magic,G5v0Z98m2qs3I,Basketball,29.0,2363.0,2022-08-17T19:30:00Z,2022-08-29T20:00:00Z,2022-08-29T20:00:00Z,2023-03-17T04:00:00Z,2023-03-16T00:00:00.000-04:00,NBA REGULAR SEASON,"K8vZ9171oZf, K8vZ9171ov7",TICKETS_AVAILABLE,FEW_TICKETS_LEFT
25,Oklahoma City Thunder vs. Phoenix Suns,vvG1YZ9odxz7yX,Basketball,39.0,2052.0,2022-08-19T15:00:00Z,2023-03-19T20:30:00Z,2022-11-25T16:00:00Z,2023-03-19T20:30:00Z,2023-03-19T00:00:00.000-04:00,NBA REGULAR SEASON,"K8vZ917GCg7, K8vZ9171oZf",TICKETS_AVAILABLE,FEW_TICKETS_LEFT
26,Phoenix Suns vs. Oklahoma City Thunder,G5v0Z98m2jv3C,Basketball,34.0,2363.0,2022-08-17T19:30:00Z,2022-08-29T20:00:00Z,2022-08-29T20:00:00Z,2023-03-09T04:00:00Z,2023-03-08T00:00:00.000-05:00,NBA REGULAR SEASON,"K8vZ9171oZf, K8vZ917GCg7",TICKETS_AVAILABLE,FEW_TICKETS_LEFT
27,Phoenix Suns vs. San Antonio Spurs,G5v0Z98m2Oo3g,Basketball,27.0,2363.0,2022-08-17T19:30:00Z,2022-08-29T20:00:00Z,2022-08-29T20:00:00Z,2023-04-05T04:00:00Z,2023-04-04T00:00:00.000-04:00,NBA REGULAR SEASON,"K8vZ9171oZf, K8vZ9171ov0",TICKETS_AVAILABLE,FEW_TICKETS_LEFT
28,Phoenix Suns vs. Minnesota Timberwolves,G5v0Z98m2Lv3m,Basketball,43.0,2978.0,2022-08-17T19:30:00Z,2022-08-29T20:00:00Z,2022-08-29T20:00:00Z,2023-03-30T04:00:00Z,2023-03-29T00:00:00.000-04:00,NBA REGULAR SEASON,"K8vZ9171oZf, K8vZ9171o10",TICKETS_AVAILABLE,FEW_TICKETS_LEFT
29,Oklahoma City Thunder vs. Phoenix Suns,vvG1YZ9odxB0DX,Basketball,16.0,2052.0,2022-08-19T15:00:00Z,2023-04-03T00:00:00Z,2022-11-25T16:00:00Z,2023-04-03T00:00:00Z,2023-04-02T00:00:00.000-04:00,NBA REGULAR SEASON,"K8vZ917GCg7, K8vZ9171oZf",TICKETS_AVAILABLE,FEW_TICKETS_LEFT
30,Las Vegas Raiders Vs San Francisco 49ers,G5vjZ9a1z--CQ,Football,200.0,800.0,NA,NA,2022-05-13T00:00:00Z,2023-01-01T23:05:00Z,2023-01-01T00:00:00.000-05:00,NFL REGULAR SEASON,"K8vZ9171oVV, K8vZ9171oMV",TICKETS_AVAILABLE,TICKETS_NOT_AVAILABLE
31,Carolina Panthers vs. Pittsburgh Steelers,G5eVZ96wEiwwG,Football,110.0,575.0,2022-05-13T00:00:00Z,2022-05-13T03:45:00Z,2022-05-13T01:00:00Z,2022-12-18T19:00:00Z,2022-12-18T00:00:00.000-05:00,NFL REGULAR SEASON,"K8vZ9171oPf, K8vZ9171ogV",TICKETS_AVAILABLE,FEW_TICKETS_LEFT
32,Boston Bruins vs. Pittsburgh Penguins,Z7r9jZ1Adfse7,Hockey,0.0,0.0,NA,NA,NA,NA,2023-01-02T00:00:00.000-05:00,NA,"K8vZ9171o27, K8vZ9171o8f",UNKNOWN,UNKNOWN
33,Jacksonville Jaguars vs. Dallas Cowboys,G5eFZ9apQ1QDQ,Football,135.0,1064.0,2022-05-13T00:00:00Z,2022-05-20T03:45:00Z,2022-05-13T00:00:00Z,2022-12-18T19:00:00Z,2022-12-18T00:00:00.000-05:00,NFL REGULAR SEASON,"K8vZ9171poV, K8vZ9171oG0",TICKETS_AVAILABLE,FEW_TICKETS_LEFT
34,Tampa Bay Buccaneers vs. Cincinnati Bengals,vvG1VZ9aE3ZROu,Football,85.0,560.0,2022-05-13T00:00:00Z,2022-05-13T02:00:00Z,2022-07-20T13:00:00Z,2022-12-18T22:25:00Z,2022-12-18T00:00:00.000-05:00,NFL REGULAR SEASON,"K8vZ9171oCV, K8vZ9171ovV",TICKETS_AVAILABLE,FEW_TICKETS_LEFT
35,P!NK: Summer Carnival 2023,Z7r9jZ1Ad_YkZ,Pop,0.0,0.0,NA,NA,2022-11-21T15:00:00Z,2023-07-31T22:00:00Z,2023-07-31T00:00:00.000-04:00,LIVE NATION MUSIC,"K8vZ9171Jo7, K8vZ91712h0, K8vZ917GUg7, K8vZ917ufxV, Z7r9jZa3Ys",UNKNOWN,UNKNOWN
36,Dallas Cowboys vs. Philadelphia Eagles,vvG1YZ91GA46qh,Football,0.0,0.0,2022-05-13T00:00:00Z,2022-05-13T04:00:00Z,2022-05-13T00:00:00Z,2022-12-24T22:25:00Z,2022-12-24T00:00:00.000-05:00,SEATGEEK,"K8vZ9171oG0, K8vZ9171oU0",TICKETS_AVAILABLE,FEW_TICKETS_LEFT
37,Las Vegas Raiders Vs New England Patriots,G5vjZ9a1z-vCp,Football,200.0,800.0,NA,NA,2022-05-13T00:00:00Z,2022-12-18T23:05:00Z,2022-12-18T00:00:00.000-05:00,NFL REGULAR SEASON,"K8vZ9171oVV, K8vZ9171ouf",TICKETS_AVAILABLE,FEW_TICKETS_LEFT
38,2023 Navy Federal Credit Union NHL Stadium Series WSH v CAR,G5eVZ9oXJg06s,Hockey,40.0,475.0,2022-09-20T14:00:00Z,2022-09-26T03:59:00Z,2022-10-27T14:00:00Z,2023-02-19T01:00:00Z,2023-02-18T00:00:00.000-05:00,PROMOTED BY VENUE,"K8vZ917oHKV, K8vZ9171o8V, K8vZ9171o2f",TICKETS_AVAILABLE,FEW_TICKETS_LEFT
39,P!NK: Summer Carnival 2023,vvG1FZ9pLpUSiL,Rock,39.95,389.95,2022-11-16T15:00:00Z,2022-11-21T04:00:00Z,2022-11-21T15:00:00Z,2023-09-19T00:30:00Z,2023-09-18T00:00:00.000-04:00,LIVE NATION MUSIC,"K8vZ9171Jo7, K8vZ9175z3V, K8vZ917ufxV, K8vZ9178Lb7",TICKETS_AVAILABLE,FEW_TICKETS_LEFT
40,Houston Texans vs. Kansas City Chiefs,G5dIZ91KhYMYQ,Football,70.0,466.0,2022-05-13T00:00:00Z,2022-05-13T01:00:00Z,2022-05-13T00:00:00Z,2022-12-18T19:00:00Z,2022-12-18T00:00:00.000-05:00,NFL REGULAR SEASON,"K8vZ91756Kf, K8vZ9171oMf",TICKETS_AVAILABLE,FEW_TICKETS_LEFT
41,Shania Twain: Queen Of Me Tour,G5viZ9435Gx2u,Country,61.95,246.95,2022-10-25T15:00:00Z,2022-10-28T03:00:00Z,2022-10-28T15:00:00Z,2023-06-08T00:30:00Z,2023-06-07T00:00:00.000-04:00,LIVE NATION MUSIC,"K8vZ91719n0, K8vZ917KkmV, K8vZ917_bOf",TICKETS_AVAILABLE,FEW_TICKETS_LEFT
42,Brooklyn Nets vs. Los Angeles Lakers,Z7r9jZ1Ad4s-O,Basketball,0.0,0.0,NA,NA,1900-01-01T18:00:00Z,2023-01-31T00:30:00Z,2023-01-30T00:00:00.000-05:00,NA,"K8vZ9171o5f, K8vZ91718T0",UNKNOWN,UNKNOWN
43,P!NK: Summer Carnival 2023,G5vjZ9kKED9Op,Rock,45.83,350.0,2022-11-16T18:00:00Z,2022-11-21T07:00:00Z,2022-11-21T18:00:00Z,2023-10-08T04:30:00Z,2023-10-07T00:00:00.000-04:00,LIVE NATION MUSIC,"K8vZ9171Jo7, K8vZ9175z3V, K8vZ917ufxV, K8vZ9178Lb7",TICKETS_AVAILABLE,TICKETS_AVAILABLE
44,Kansas City Chiefs v Seattle Seahawks,vvG1bZ9FmwV3Hq,Football,150.0,999.0,2022-05-13T13:00:00Z,2022-05-13T14:30:00Z,2022-05-13T16:00:00Z,2022-12-24T20:00:00Z,2022-12-24T00:00:00.000-05:00,NFL REGULAR SEASON,"K8vZ9171oMf, K8vZ9171oU7",TICKETS_AVAILABLE,FEW_TICKETS_LEFT
45,P!NK: Summer Carnival 2023,G5vbZ9kb-A6LJ,Rock,39.95,349.95,2022-11-16T15:00:00Z,2022-11-21T04:00:00Z,2022-11-21T15:00:00Z,2023-08-05T22:30:00Z,2023-08-05T00:00:00.000-04:00,LIVE NATION MUSIC,"K8vZ9171Jo7, K8vZ9175z3V, K8vZ917ufxV, K8vZ9178Lb7",TICKETS_AVAILABLE,FEW_TICKETS_LEFT
46,P!NK: Summer Carnival 2023,vvG1bZ9p96uphM,Rock,39.95,999.95,2022-11-16T16:00:00Z,2022-11-21T05:00:00Z,2022-11-21T16:00:00Z,2023-08-11T02:00:00Z,2023-08-10T00:00:00.000-04:00,LIVE NATION MUSIC,"K8vZ9171Jo7, K8vZ91712h0, K8vZ917ufxV, K8vZ9178Lb7",TICKETS_AVAILABLE,FEW_TICKETS_LEFT
47,P!NK: Summer Carnival 2023,vvG1OZ9pNPuVvv,Rock,44.95,344.95,2022-11-19T15:00:00Z,2022-11-21T04:00:00Z,2022-11-21T15:00:00Z,2023-08-16T22:30:00Z,2023-08-16T00:00:00.000-04:00,LIVE NATION MUSIC,"K8vZ9171Jo7, K8vZ9175z3V, K8vZ917ufxV, K8vZ9178Lb7",TICKETS_AVAILABLE,FEW_TICKETS_LEFT
48,Kansas City Chiefs v Denver Broncos,vvG1bZ9Fmwm3DH,Football,125.0,999.0,2022-05-13T13:00:00Z,2022-05-13T14:30:00Z,2022-05-13T16:00:00Z,2023-01-01T20:00:00Z,2023-01-01T00:00:00.000-05:00,NFL REGULAR SEASON,"K8vZ9171oMf, K8vZ9171og7",TICKETS_AVAILABLE,FEW_TICKETS_LEFT
49,Los Angeles Chargers vs. Tennessee Titans,vvG1IZ9a9KwdJB,Football,45.0,499.0,2022-05-13T00:00:00Z,2022-05-13T02:00:00Z,2022-05-13T02:00:00Z,2022-12-18T22:25:00Z,2022-12-18T00:00:00.000-05:00,NFL REGULAR SEASON,"K8vZ9171og0, K8vZ91719u7",TICKETS_AVAILABLE,FEW_TICKETS_LEFT
50,P!NK: Summer Carnival 2023,G5vVZ9pntZouz,Rock,50.95,404.95,2022-11-16T15:00:00Z,2022-11-21T04:00:00Z,2022-11-21T15:00:00Z,2023-08-04T01:00:00Z,2023-08-03T00:00:00.000-04:00,LIVE NATION - NO LN CONCERTS BRANDING,"K8vZ9171Jo7, K8vZ9175z3V, K8vZ917ufxV, K8vZ9178Lb7",TICKETS_AVAILABLE,TICKETS_AVAILABLE
51,2023 Discover NHL Winter Classic - Pittsburgh Penguins V Boston Bruins,vvG17Z9CRRT4tH,Hockey,125.0,575.0,2022-07-18T13:00:00Z,2023-01-02T19:00:00Z,2022-08-24T14:00:00Z,2023-01-02T19:00:00Z,2023-01-02T00:00:00.000-05:00,NHL REGULAR SEASON,"K8vZ917uO17, K8vZ9171o8f, K8vZ9171o27",TICKETS_AVAILABLE,TICKETS_NOT_AVAILABLE
52,P!NK: Summer Carnival 2023,G5vbZ9plhI67F,Rock,39.95,319.95,2022-11-16T15:00:00Z,2022-11-21T04:00:00Z,2022-11-21T15:00:00Z,2023-07-26T23:30:00Z,2023-07-26T00:00:00.000-04:00,LIVE NATION MUSIC,"K8vZ9171Jo7, K8vZ9175z3V, K8vZ917ufxV, K8vZ9178Lb7",TICKETS_AVAILABLE,FEW_TICKETS_LEFT
53,P!NK: Summer Carnival 2023,vvG1jZ9p0tjAiJ,Rock,39.95,999.95,2022-11-19T16:00:00Z,2022-11-21T05:00:00Z,2022-11-21T16:00:00Z,2023-08-15T00:00:00Z,2023-08-14T00:00:00.000-04:00,FRANK PRODUCTIONS,"K8vZ9171Jo7, K8vZ91712h0, K8vZ917ufxV, K8vZ9178Lb7",TICKETS_AVAILABLE,FEW_TICKETS_LEFT
54,P!NK: Summer Carnival 2023,Z7r9jZ1AdQ7-U,Pop,0.0,0.0,NA,NA,2022-11-21T15:00:00Z,2023-08-01T22:00:00Z,2023-08-01T00:00:00.000-04:00,LIVE NATION MUSIC,"K8vZ9171Jo7, K8vZ91712h0, K8vZ917GUg7, K8vZ917ufxV, Z7r9jZa3Ys",UNKNOWN,UNKNOWN
55,P!NK: Summer Carnival 2023,G5v0Z9pjKn7dG,Rock,39.95,359.95,2022-11-16T17:00:00Z,2022-11-21T06:00:00Z,2022-11-21T17:00:00Z,2023-10-10T04:00:00Z,2023-10-09T00:00:00.000-04:00,LIVE NATION MUSIC,"K8vZ9171Jo7, K8vZ9175z3V, K8vZ917ufxV, K8vZ9178Lb7",TICKETS_AVAILABLE,TICKETS_AVAILABLE
56,Tennessee Titans vs. Dallas Cowboys,G5viZ9aCSZUOJ,Football,297.0,497.0,NA,NA,2022-05-13T00:00:00Z,2022-12-30T02:15:00Z,2022-12-29T00:00:00.000-05:00,NFL REGULAR SEASON,"K8vZ91719u7, K8vZ9171oG0",TICKETS_AVAILABLE,TICKETS_NOT_AVAILABLE
57,Chicago Bears vs. Philadelphia Eagles,vvG18Z96SEaN5H,Football,97.0,664.0,2022-05-13T00:00:00Z,2022-05-13T01:00:00Z,2022-05-13T01:30:00Z,2022-12-18T19:00:00Z,2022-12-18T00:00:00.000-05:00,NFL REGULAR SEASON,"K8vZ9171ou7, K8vZ9171oU0",TICKETS_AVAILABLE,FEW_TICKETS_LEFT
58,P!NK: Summer Carnival 2023,Z7r9jZ1AdQ7F3,Pop,0.0,0.0,NA,NA,2022-11-21T16:00:00Z,2023-08-12T23:30:00Z,2023-08-12T00:00:00.000-04:00,LIVE NATION MUSIC,"K8vZ9171Jo7, K8vZ91712h0, K8vZ917GUg7, K8vZ917ufxV, Z7r9jZa3Ys",UNKNOWN,UNKNOWN
59,Minnesota Vikings vs. New York Giants,vvG1bZ97JL4Kd1,Football,71.0,725.0,2022-07-25T15:00:00Z,2022-07-27T04:59:00Z,2022-07-28T15:00:00Z,2022-12-24T19:00:00Z,2022-12-24T00:00:00.000-05:00,NFL REGULAR SEASON,"K8vZ9171oM7, K8vZ9171oCf",TICKETS_AVAILABLE,FEW_TICKETS_LEFT
60,Miami Dolphins v. Green Bay Packers,vvG1VZ9FMj4cvb,Football,135.0,995.0,2022-05-12T23:45:00Z,2022-05-14T03:59:00Z,2022-05-12T23:45:00Z,2022-12-25T19:00:00Z,2022-12-25T00:00:00.000-05:00,NFL REGULAR SEASON,"K8vZ9171ogf, K8vZ9171oC7",TICKETS_AVAILABLE,FEW_TICKETS_LEFT
61,Philadelphia Eagles vs. New Orleans Saints,vvG1FZ9a3T5d_Y,Football,76.0,560.0,NA,NA,2022-06-07T14:00:00Z,2023-01-01T19:00:00Z,2023-01-01T00:00:00.000-05:00,NFL REGULAR SEASON,"K8vZ9171oU0, K8vZ9171ouV",TICKETS_AVAILABLE,FEW_TICKETS_LEFT
62,Shania Twain: Queen Of Me Tour,vvG18Z94NJbSAb,Country,40.95,240.95,2022-11-03T15:00:00Z,2022-11-04T03:00:00Z,2022-11-04T15:00:00Z,2023-07-02T02:30:00Z,2023-07-01T00:00:00.000-04:00,LIVE NATION MUSIC,"K8vZ91719n0, K8vZ917_940",TICKETS_AVAILABLE,FEW_TICKETS_LEFT
63,P!NK: Summer Carnival 2023,G5vfZ9pKec7vp,Rock,45.95,355.95,2022-11-16T15:00:00Z,2022-11-21T04:00:00Z,2022-11-21T15:00:00Z,2023-08-08T01:00:00Z,2023-08-07T00:00:00.000-04:00,LIVE NATION MUSIC,"K8vZ9171Jo7, K8vZ91712h0, K8vZ917ufxV, K8vZ9178Lb7",TICKETS_AVAILABLE,TICKETS_AVAILABLE
64,P!NK: Summer Carnival 2023,G5viZ9ph7l0Du,Rock,49.95,399.95,2022-11-19T16:00:00Z,2022-11-21T05:00:00Z,2022-11-21T16:00:00Z,2023-09-23T00:30:00Z,2023-09-22T00:00:00.000-04:00,LIVE NATION MUSIC,"K8vZ9171Jo7, K8vZ9175z3V, K8vZ917ufxV, K8vZ9178Lb7",TICKETS_AVAILABLE,FEW_TICKETS_LEFT
65,Green Bay Packers vs. Minnesota Vikings,vvG1jZ9ah4ZPEa,Football,89.0,432.0,2022-05-13T00:00:00Z,2023-01-01T22:25:00Z,2022-08-08T22:00:00Z,2023-01-01T22:25:00Z,2023-01-01T00:00:00.000-05:00,NFL REGULAR SEASON,"K8vZ9171oC7, K8vZ9171oM7",TICKETS_AVAILABLE,FEW_TICKETS_LEFT
66,Shania Twain: Queen Of Me Tour,vvG1fZ949qhf4C,Country,39.95,249.95,2022-11-01T14:00:00Z,2022-11-04T02:00:00Z,2022-11-04T14:00:00Z,2023-07-16T01:30:00Z,2023-07-15T00:00:00.000-04:00,LIVE NATION MUSIC,"K8vZ91719n0, K8vZ917_bOf",TICKETS_AVAILABLE,FEW_TICKETS_LEFT
67,Brooklyn Nets vs. New York Knicks,Z7r9jZ1Ad4s-_,Basketball,0.0,0.0,NA,NA,1900-01-01T18:00:00Z,2023-01-28T22:30:00Z,2023-01-28T00:00:00.000-05:00,NA,"K8vZ9171o5f, K8vZ9171o57",UNKNOWN,UNKNOWN
68,Cincinnati Bengals vs. Buffalo Bills,G5vbZ9aMq_JnG,Football,165.0,900.0,NA,NA,2022-05-13T00:00:00Z,2023-01-03T02:30:00Z,2023-01-02T00:00:00.000-05:00,NFL REGULAR SEASON,"K8vZ9171ovV, K8vZ9171oGf",TICKETS_AVAILABLE,FEW_TICKETS_LEFT
69,Shania Twain: Queen Of Me Tour,G5vbZ940HyJDE,Country,45.95,225.95,2022-11-03T14:00:00Z,2022-11-04T02:00:00Z,2022-11-04T14:00:00Z,2023-07-14T01:30:00Z,2023-07-13T00:00:00.000-04:00,LIVE NATION MUSIC,"K8vZ91719n0, K8vZ917_bOf",TICKETS_AVAILABLE,FEW_TICKETS_LEFT
70,Shania Twain: Queen Of Me Tour,G5eVZ94L3b7SJ,Country,60.95,260.95,2022-11-01T14:00:00Z,2022-11-04T02:00:00Z,2022-11-04T14:00:00Z,2023-06-29T01:30:00Z,2023-06-28T00:00:00.000-04:00,LIVE NATION MUSIC,"K8vZ91719n0, K8vZ917_940",TICKETS_AVAILABLE,FEW_TICKETS_LEFT
71,Shania Twain: Queen Of Me Tour,k7vGF94xB_sBY,Country,40.95,925.95,2022-11-01T14:00:00Z,2022-11-04T02:00:00Z,2022-11-04T14:00:00Z,2023-07-09T01:30:00Z,2023-07-08T00:00:00.000-04:00,LIVE NATION MUSIC,"K8vZ91719n0, K8vZ917_bOf",TICKETS_AVAILABLE,FEW_TICKETS_LEFT
72,Shania Twain: Queen Of Me Tour,vvG1YZ94E4EgM4,Country,55.95,265.95,2022-11-01T15:00:00Z,2022-11-04T03:00:00Z,2022-11-04T15:00:00Z,2023-07-22T02:30:00Z,2023-07-21T00:00:00.000-04:00,LIVE NATION MUSIC,K8vZ91719n0,TICKETS_AVAILABLE,FEW_TICKETS_LEFT
73,P!NK: Summer Carnival 2023,vvG1IZ9pNeVNoR,Rock,55.95,405.95,2022-11-16T18:00:00Z,2022-11-21T07:00:00Z,2022-11-21T18:00:00Z,2023-10-06T04:00:00Z,2023-10-05T00:00:00.000-04:00,LIVE NATION MUSIC,"K8vZ9171Jo7, K8vZ91712h0, K8vZ917ufxV, K8vZ9178Lb7",TICKETS_AVAILABLE,TICKETS_AVAILABLE
74,Shania Twain: Queen Of Me Tour,vvG1fZ94EIJNw5,Country,60.95,260.95,2022-11-03T14:00:00Z,2022-11-04T02:00:00Z,2022-11-04T14:00:00Z,2023-07-01T01:30:00Z,2023-06-30T00:00:00.000-04:00,LIVE NATION MUSIC,"K8vZ91719n0, K8vZ917_940",TICKETS_AVAILABLE,FEW_TICKETS_LEFT
75,Pittsburgh Steelers vs. Las Vegas Raiders,G5vbZ96DxRPyt,Football,75.0,406.0,2022-05-13T13:00:00Z,2022-05-13T16:00:00Z,2022-05-13T16:00:00Z,2022-12-25T02:15:00Z,2022-12-24T00:00:00.000-05:00,NFL REGULAR SEASON,"K8vZ9171ogV, K8vZ9171oVV",TICKETS_AVAILABLE,FEW_TICKETS_LEFT
76,Shania Twain: Queen Of Me Tour,vvG17Z94Eh3gx_,Country,61.0,251.0,2022-11-01T14:00:00Z,2022-11-04T02:00:00Z,2022-11-04T14:00:00Z,2023-07-10T00:30:00Z,2023-07-09T00:00:00.000-04:00,LIVE NATION MUSIC,"K8vZ91719n0, K8vZ917_bOf",TICKETS_AVAILABLE,FEW_TICKETS_LEFT
77,Shania Twain: Queen Of Me Tour,vvG1bZ9b9mzkpf,Country,38.95,223.95,2022-12-13T16:00:00Z,2022-12-16T04:00:00Z,2022-12-16T17:00:00Z,2023-11-06T01:30:00Z,2023-11-05T00:00:00.000-04:00,LIVE NATION MUSIC,"K8vZ91719n0, K8vZ917_360",TICKETS_AVAILABLE,TICKETS_AVAILABLE
78,Tampa Bay Buccaneers vs. Carolina Panthers,vvG1VZ9aE3Z2O5,Football,85.0,705.0,2022-05-13T00:00:00Z,2022-05-13T02:00:00Z,2022-07-20T13:00:00Z,2023-01-01T19:00:00Z,2023-01-01T00:00:00.000-05:00,NFL REGULAR SEASON,"K8vZ9171oCV, K8vZ9171oPf",TICKETS_AVAILABLE,TICKETS_NOT_AVAILABLE
79,Los Angeles Kings vs. Anaheim Ducks,Z7r9jZ1Adfsqb,Hockey,0.0,0.0,NA,NA,1900-01-01T06:00:00Z,2022-12-21T03:30:00Z,2022-12-20T00:00:00.000-05:00,NA,"K8vZ9171ozf, K8vZ91713ef",UNKNOWN,UNKNOWN
80,P!NK: Summer Carnival 2023,vvG1YZ9ASfN7Jv,Rock,44.95,374.95,2022-11-16T16:00:00Z,2022-11-21T05:00:00Z,2022-11-21T16:00:00Z,2023-09-30T01:30:00Z,2023-09-29T00:00:00.000-04:00,LIVE NATION MUSIC,"K8vZ9171Jo7, K8vZ9175z3V, K8vZ917ufxV, K8vZ9178Lb7",TICKETS_AVAILABLE,TICKETS_AVAILABLE
81,New Orleans Pelicans vs. Los Angeles Lakers,Z7r9jZ1Ad4w1d,Basketball,0.0,0.0,NA,NA,1900-01-01T18:00:00Z,2023-02-05T01:00:00Z,2023-02-04T00:00:00.000-05:00,NA,"K8vZ9171oaV, K8vZ91718T0",UNKNOWN,UNKNOWN
82,Shania Twain: Queen Of Me Tour,Z7r9jZ1Ad_xjV,Country,0.0,0.0,NA,NA,2022-11-04T15:00:00Z,2023-05-17T00:30:00Z,2023-05-16T00:00:00.000-04:00,LIVE NATION MUSIC,"K8vZ91719n0, K8vZ917Kj1f",UNKNOWN,UNKNOWN
83,Shania Twain: Queen Of Me Tour,G5vYZ94OyJZn1,Country,46.0,226.0,2022-11-01T17:00:00Z,2022-11-04T05:00:00Z,2022-11-04T17:00:00Z,2023-05-27T04:30:00Z,2023-05-26T00:00:00.000-04:00,LIVE NATION MUSIC,"K8vZ91719n0, K8vZ917Kj1f",TICKETS_AVAILABLE,FEW_TICKETS_LEFT
84,Shania Twain: Queen Of Me Tour,G5dIZ9bpISx4C,Country,40.95,225.95,2022-12-13T16:00:00Z,2022-12-16T04:00:00Z,2022-12-16T16:00:00Z,2023-10-13T00:30:00Z,2023-10-12T00:00:00.000-04:00,COMMUNITY ARENA MANAGEMENT,"K8vZ91719n0, K8vZ917_360",TICKETS_AVAILABLE,TICKETS_AVAILABLE
85,Imagine Dragons,vvG1jZ9pxhDoYZ,Rock,87.63,231.38,2022-11-15T16:00:00Z,2022-11-18T04:00:00Z,2022-11-18T16:00:00Z,2023-07-09T01:00:00Z,2023-07-08T00:00:00.000-04:00,SUMMERFEST PRODUCTIONS,"K8vZ917GSz7, K8vZ917CSq0",TICKETS_NOT_AVAILABLE,FEW_TICKETS_LEFT
86,Shania Twain: Queen Of Me Tour,vvG1bZ94xRLe3g,Country,60.95,240.95,2022-11-03T15:00:00Z,2022-11-04T03:00:00Z,2022-11-04T15:00:00Z,2023-06-05T02:30:00Z,2023-06-04T00:00:00.000-04:00,LIVE NATION MUSIC,"K8vZ91719n0, K8vZ917_bOf",TICKETS_AVAILABLE,FEW_TICKETS_LEFT
87,P!NK: Summer Carnival 2023,vvG1bZ9kQ-pEqi,Rock,39.95,369.95,2022-11-16T16:00:00Z,2022-11-21T05:00:00Z,2022-11-21T16:00:00Z,2023-08-22T01:30:00Z,2023-08-21T00:00:00.000-04:00,LIVE NATION MUSIC,"K8vZ9171Jo7, K8vZ9175z3V, K8vZ917ufxV, K8vZ9178Lb7",TICKETS_AVAILABLE,TICKETS_AVAILABLE
88,Shania Twain: Queen Of Me Tour,vvG1bZ94xOxoRJ,Country,46.0,921.95,2022-11-01T15:00:00Z,2022-11-04T03:00:00Z,2022-11-04T15:00:00Z,2023-05-18T02:30:00Z,2023-05-17T00:00:00.000-04:00,LIVE NATION MUSIC,"K8vZ91719n0, K8vZ917Kj1f",TICKETS_AVAILABLE,FEW_TICKETS_LEFT
89,Shania Twain: Queen Of Me Tour,G5vzZ94xEY-lI,Country,55.95,225.95,2022-11-03T16:00:00Z,2022-11-04T04:00:00Z,2022-11-04T16:00:00Z,2023-05-25T03:30:00Z,2023-05-24T00:00:00.000-04:00,LIVE NATION MUSIC,"K8vZ91719n0, K8vZ917Kj1f",TICKETS_AVAILABLE,FEW_TICKETS_LEFT
90,Shania Twain: Queen Of Me Tour,G5vfZ94NQ9eNM,Country,76.0,276.0,2022-11-01T14:00:00Z,2022-11-04T02:00:00Z,2022-11-04T14:00:00Z,2023-06-28T01:30:00Z,2023-06-27T00:00:00.000-04:00,LIVE NATION MUSIC,"K8vZ91719n0, K8vZ917_940",TICKETS_NOT_AVAILABLE,FEW_TICKETS_LEFT
91,P!NK: Summer Carnival 2023,vvG1IZ9plrgAaz,Rock,50.95,364.95,2022-11-19T18:00:00Z,2022-11-21T07:00:00Z,2022-11-21T18:00:00Z,2023-10-04T03:00:00Z,2023-10-03T00:00:00.000-04:00,LIVE NATION MUSIC,"K8vZ9171Jo7, K8vZ9175z3V, K8vZ917ufxV, K8vZ9178Lb7",TICKETS_AVAILABLE,TICKETS_AVAILABLE
92,Baltimore Ravens vs. Pittsburgh Steelers,G5vfZ9aEtPAio,Football,134.0,507.0,NA,NA,2022-05-13T00:00:00Z,2023-01-01T20:00:00Z,2023-01-01T00:00:00.000-05:00,NFL REGULAR SEASON,"K8vZ91719eV, K8vZ9171ogV",TICKETS_AVAILABLE,FEW_TICKETS_LEFT
93,Shania Twain: Queen Of Me Tour,vvG1fZ9b9M8UJH,Country,50.95,225.95,2022-12-13T15:00:00Z,2022-12-16T03:00:00Z,2022-12-16T15:00:00Z,2023-10-28T01:30:00Z,2023-10-27T00:00:00.000-04:00,LIVE NATION MUSIC,"K8vZ91719n0, K8vZ917_360",TICKETS_AVAILABLE,TICKETS_AVAILABLE
94,Denver Broncos vs. Arizona Cardinals,G5vzZ9a9f2wmw,Football,63.0,445.0,NA,NA,2022-05-13T00:00:00Z,2022-12-18T22:05:00Z,2022-12-18T00:00:00.000-05:00,NFL REGULAR SEASON,"K8vZ9171og7, K8vZ917198f",TICKETS_AVAILABLE,FEW_TICKETS_LEFT
95,Cleveland Cavaliers vs. Golden State Warriors,Z7r9jZ1Ad4sq8,Basketball,0.0,0.0,NA,NA,1900-01-01T18:00:00Z,2023-01-21T00:30:00Z,2023-01-20T00:00:00.000-05:00,NA,"K8vZ9171oa7, K8vZ9171oa0",UNKNOWN,UNKNOWN
96,Shania Twain: Queen Of Me Tour,G5v0Z94xfSsFi,Country,50.95,250.95,2022-11-01T17:00:00Z,2022-11-04T05:00:00Z,2022-11-04T17:00:00Z,2023-05-31T04:30:00Z,2023-05-30T00:00:00.000-04:00,LIVE NATION MUSIC,"K8vZ91719n0, K8vZ917Kj1f",TICKETS_AVAILABLE,FEW_TICKETS_LEFT
97,Seattle Seahawks vs. New York Jets,vvG1HZ9anOZvIC,Football,75.0,800.0,NA,NA,2022-05-13T00:00:00Z,2023-01-01T21:05:00Z,2023-01-01T00:00:00.000-05:00,NFL REGULAR SEASON,"K8vZ9171oU7, K8vZ9171oGV",TICKETS_AVAILABLE,FEW_TICKETS_LEFT
98,New Orleans Pelicans vs. Philadelphia 76ers,Z7r9jZ1Ad4wao,Basketball,0.0,0.0,NA,NA,1900-01-01T06:00:00Z,2022-12-31T01:30:00Z,2022-12-30T00:00:00.000-05:00,NA,"K8vZ9171oaV, K8vZ9171oZ0",UNKNOWN,UNKNOWN
99,Washington Commanders vs. New York Giants,G5vfZ9a3xQoSJ,Football,40.0,455.0,2022-05-13T00:00:00Z,2022-12-18T18:00:00Z,2022-05-13T00:00:00Z,2022-12-19T03:20:00Z,2022-12-18T00:00:00.000-05:00,NFL REGULAR SEASON,"K8vZ9171oM0, K8vZ9171oCf",TICKETS_AVAILABLE,FEW_TICKETS_LEFT
100,Chicago Bears vs. Buffalo Bills,vvG18Z96LiA3Xy,Football,95.0,704.0,2022-05-13T00:00:00Z,2022-05-13T01:00:00Z,2022-05-13T01:30:00Z,2022-12-24T19:00:00Z,2022-12-24T00:00:00.000-05:00,NFL REGULAR SEASON,"K8vZ9171ou7, K8vZ9171oGf",TICKETS_AVAILABLE,FEW_TICKETS_LEFT
101,Shania Twain: Queen Of Me Tour,G5eVZ9bpVl3l1,Country,40.95,220.95,2022-12-13T15:00:00Z,2022-12-16T03:00:00Z,2022-12-16T15:00:00Z,2023-10-19T00:30:00Z,2023-10-18T00:00:00.000-04:00,LIVE NATION MUSIC,"K8vZ91719n0, K8vZ917_360",TICKETS_AVAILABLE,TICKETS_AVAILABLE
102,Brooklyn Nets vs. Boston Celtics,Z7r9jZ1Ad4s-p,Basketball,0.0,0.0,NA,NA,1900-01-01T18:00:00Z,2023-01-13T00:30:00Z,2023-01-12T00:00:00.000-05:00,NA,"K8vZ9171o5f, K8vZ91718Xf",UNKNOWN,UNKNOWN
103,Cincinnati Bengals vs. Baltimore Ravens,G5vbZ9aMq_knF,Football,99.0,998.0,NA,NA,2022-05-13T00:00:00Z,2023-01-09T02:00:00Z,2023-01-08T00:00:00.000-05:00,NFL REGULAR SEASON,"K8vZ9171ovV, K8vZ91719eV",TICKETS_AVAILABLE,FEW_TICKETS_LEFT
104,Shania Twain: Queen Of Me Tour,vvG1HZ94xhtvGM,Country,61.5,236.5,2022-11-01T17:00:00Z,2022-11-04T05:00:00Z,2022-11-04T17:00:00Z,2023-04-30T03:30:00Z,2023-04-29T00:00:00.000-04:00,LIVE NATION MUSIC,"K8vZ91719n0, K8vZ9172-p0",TICKETS_AVAILABLE,FEW_TICKETS_LEFT
105,Shania Twain: Queen Of Me Tour,G5dIZ94Jdxopv,Country,55.95,255.95,2022-11-03T15:00:00Z,2022-11-04T03:00:00Z,2022-11-04T15:00:00Z,2023-07-23T02:30:00Z,2023-07-22T00:00:00.000-04:00,LIVE NATION MUSIC,"K8vZ91719n0, K8vZ91730MV",TICKETS_AVAILABLE,FEW_TICKETS_LEFT
106,San Francisco 49ers vs. Washington Commanders,G5vYZ9ahej68p,Football,69.0,995.0,2022-05-13T00:00:00Z,2022-12-24T22:05:00Z,2022-05-13T00:00:00Z,2022-12-24T22:05:00Z,2022-12-24T00:00:00.000-05:00,NFL REGULAR SEASON,"K8vZ9171oMV, K8vZ9171oM0",TICKETS_AVAILABLE,FEW_TICKETS_LEFT
107,Indianapolis Colts v Los Angeles Chargers,vvG1fZ9a1rmx43,Football,52.0,457.0,2022-05-13T00:00:00Z,2022-05-13T14:00:00Z,2022-05-13T15:00:00Z,2022-12-27T03:15:00Z,2022-12-26T00:00:00.000-05:00,NFL REGULAR SEASON,"K8vZ9171oV0, K8vZ9171og0",TICKETS_AVAILABLE,FEW_TICKETS_LEFT
108,Eagles,G5v0Z9fBwXKHA,Rock,124.0,444.0,2022-10-27T17:00:00Z,2022-10-28T05:00:00Z,2022-10-28T17:00:00Z,2023-03-02T05:00:00Z,2023-03-01T00:00:00.000-05:00,LIVE NATION MUSIC,K8vZ9171ob7,TICKETS_AVAILABLE,FEW_TICKETS_LEFT
109,Eagles,Z7r9jZ1Ad_6f9,Rock,0.0,0.0,NA,NA,2022-10-28T17:00:00Z,2023-03-04T04:00:00Z,2023-03-03T00:00:00.000-05:00,LIVE NATION MUSIC,K8vZ9171ob7,UNKNOWN,UNKNOWN
110,New York Giants vs. Indianapolis Colts,k7vGF912X-FY2,Football,110.0,775.0,2022-05-13T00:00:00Z,2022-05-13T00:59:00Z,2022-05-13T01:00:00Z,2023-01-01T19:00:00Z,2023-01-01T00:00:00.000-05:00,NFL REGULAR SEASON,"K8vZ9171oCf, K8vZ9171oV0",TICKETS_AVAILABLE,FEW_TICKETS_LEFT
111,Shania Twain: Queen Of Me Tour,vvG1FZ94NUUgW3,Country,40.95,225.95,2022-11-01T14:00:00Z,2022-11-04T02:00:00Z,2022-11-04T14:00:00Z,2023-06-10T01:30:00Z,2023-06-09T00:00:00.000-04:00,LIVE NATION MUSIC,"K8vZ91719n0, K8vZ917_bOf",TICKETS_AVAILABLE,TICKETS_AVAILABLE
112,New York Jets vs. Jacksonville Jaguars,k7vGF9a4g0skn,Football,62.0,725.0,2022-05-13T00:00:00Z,2022-05-16T13:59:00Z,2022-05-16T14:00:00Z,2022-12-23T03:15:00Z,2022-12-22T00:00:00.000-05:00,NFL REGULAR SEASON,"K8vZ9171oGV, K8vZ9171poV",TICKETS_AVAILABLE,FEW_TICKETS_LEFT
113,Orlando Magic v Los Angeles Lakers,G5eFZ9od7XDJw,Basketball,149.5,5151.5,2022-08-25T14:00:00Z,2022-08-26T17:00:00Z,2022-08-26T17:00:00Z,2022-12-28T02:00:00Z,2022-12-27T00:00:00.000-05:00,PROMOTED BY VENUE,"K8vZ9171ov7, K8vZ91718T0",TICKETS_AVAILABLE,FEW_TICKETS_LEFT
114,Shania Twain: Queen Of Me Tour,G5viZ9b9lbMI5,Country,45.95,225.95,2022-12-15T15:00:00Z,2022-12-16T03:00:00Z,2022-12-16T15:00:00Z,2023-10-17T01:30:00Z,2023-10-16T00:00:00.000-04:00,LIVE NATION MUSIC,"K8vZ91719n0, K8vZ917_360",TICKETS_AVAILABLE,TICKETS_AVAILABLE
115,P!NK: Summer Carnival 2023,G5dIZ9prByxD1,Rock,39.95,299.95,2022-11-19T16:00:00Z,2022-11-21T05:00:00Z,2022-11-21T16:00:00Z,2023-09-25T23:30:00Z,2023-09-25T00:00:00.000-04:00,LIVE NATION MUSIC,"K8vZ9171Jo7, K8vZ9175z3V, K8vZ917ufxV, K8vZ9178Lb7",TICKETS_AVAILABLE,TICKETS_AVAILABLE
116,Atlanta Hawks vs. Los Angeles Lakers,vvG1zZ98S_9dwL,Basketball,100.0,1649.0,2022-08-25T15:00:00Z,2022-08-29T15:59:00Z,2022-08-29T16:00:00Z,2022-12-31T01:30:00Z,2022-12-30T00:00:00.000-05:00,NBA REGULAR SEASON,"K8vZ91718XV, K8vZ91718T0",TICKETS_AVAILABLE,FEW_TICKETS_LEFT
117,Shania Twain: Queen Of Me Tour,Z7r9jZ1Ad_xjS,Country,0.0,0.0,NA,NA,2022-11-04T17:00:00Z,2023-04-29T02:30:00Z,2023-04-28T00:00:00.000-04:00,LIVE NATION MUSIC,"K8vZ91719n0, K8vZ9172-p0",UNKNOWN,UNKNOWN
118,P!NK: Summer Carnival 2023,vvG1bZ9pG_aazC,Rock,39.95,329.95,2022-11-17T18:00:00Z,2022-11-21T05:00:00Z,2022-11-21T16:00:00Z,2023-08-20T00:00:00Z,2023-08-19T00:00:00.000-04:00,LIVE NATION MUSIC,"K8vZ9171Jo7, K8vZ9175z3V, K8vZ917ufxV, K8vZ9178Lb7",TICKETS_AVAILABLE,FEW_TICKETS_LEFT
119,Houston Rockets vs. Dallas Mavericks,Z7r9jZ1Ad4wZv,Basketball,0.0,0.0,NA,NA,1900-01-01T18:00:00Z,2022-12-24T01:00:00Z,2022-12-23T00:00:00.000-05:00,NA,"K8vZ91718Tf, K8vZ9171o17",UNKNOWN,UNKNOWN
120,Shania Twain: Queen Of Me Tour,k7vGF99Q6lvAt,Country,46.0,925.95,2022-11-30T15:00:00Z,2022-12-02T03:00:00Z,2022-12-02T15:00:00Z,2023-07-04T00:00:00Z,2023-07-03T00:00:00.000-04:00,LIVE NATION MUSIC,"K8vZ91719n0, K8vZ917_940",TICKETS_AVAILABLE,FEW_TICKETS_LEFT
121,Shania Twain: Queen Of Me Tour,vvG1bZ94EKKg1n,Country,37.95,232.95,2022-11-03T15:00:00Z,2022-11-04T03:00:00Z,2022-11-04T15:00:00Z,2023-05-20T02:30:00Z,2023-05-19T00:00:00.000-04:00,LIVE NATION MUSIC,"K8vZ91719n0, K8vZ917Kj1f",TICKETS_AVAILABLE,FEW_TICKETS_LEFT
122,Shania Twain: Queen Of Me Tour,G5vbZ9b9KU3fV,Country,42.95,234.95,2022-12-15T15:00:00Z,2022-12-16T03:00:00Z,2022-12-16T15:00:00Z,2023-10-29T01:30:00Z,2023-10-28T00:00:00.000-04:00,LIVE NATION MUSIC,"K8vZ91719n0, K8vZ917_360",TICKETS_AVAILABLE,TICKETS_AVAILABLE
123,Shania Twain: Queen Of Me Tour,k7vGF9b9d3x6_,Country,55.5,225.95,2022-12-13T15:00:00Z,2022-12-16T03:00:00Z,2022-12-16T15:00:00Z,2023-10-21T01:30:00Z,2023-10-20T00:00:00.000-04:00,LIVE NATION MUSIC,"K8vZ91719n0, K8vZ917_360",TICKETS_AVAILABLE,TICKETS_AVAILABLE
124,Shania Twain: Queen Of Me Tour,G5eZZ94ENDhHq,Country,46.95,241.95,2022-11-03T15:00:00Z,2023-06-04T00:00:00Z,2022-11-04T15:00:00Z,2023-06-04T02:30:00Z,2023-06-03T00:00:00.000-04:00,LIVE NATION MUSIC,"K8vZ91719n0, K8vZ917_bOf",TICKETS_AVAILABLE,FEW_TICKETS_LEFT
125,Detroit Lions vs. Chicago Bears,vvG1OZ9a3zCvnY,Football,0.0,0.0,NA,NA,2022-05-13T00:00:00Z,2023-01-01T19:00:00Z,2023-01-01T00:00:00.000-05:00,NFL REGULAR SEASON,"K8vZ9171oUf, K8vZ9171ou7",TICKETS_AVAILABLE,FEW_TICKETS_LEFT
126,Shania Twain: Queen Of Me Tour,G5vzZ94J_UvaX,Country,60.95,245.95,2022-11-03T16:00:00Z,2022-11-04T04:00:00Z,2022-11-04T16:00:00Z,2023-05-22T03:30:00Z,2023-05-21T00:00:00.000-04:00,LIVE NATION MUSIC,"K8vZ91719n0, K8vZ917Kj1f",TICKETS_AVAILABLE,FEW_TICKETS_LEFT
127,LA Clippers vs. Charlotte Hornets,Z7r9jZ1Ad4sOo,Basketball,0.0,0.0,NA,NA,1900-01-01T18:00:00Z,2022-12-22T03:30:00Z,2022-12-21T00:00:00.000-05:00,NA,"K8vZ9171o1V, K8vZ9175Nnf",UNKNOWN,UNKNOWN
128,Baltimore Ravens vs. Atlanta Falcons,G5vfZ9aER6As0,Football,71.0,385.0,NA,NA,2022-05-13T00:00:00Z,2022-12-24T20:00:00Z,2022-12-24T00:00:00.000-05:00,NFL REGULAR SEASON,"K8vZ91719eV, K8vZ9171ou0",TICKETS_AVAILABLE,FEW_TICKETS_LEFT
129,Shania Twain: Queen Of Me Tour,vvG1bZ94nEt7qa,Country,36.95,216.95,2022-11-03T15:00:00Z,2022-11-04T03:00:00Z,2022-11-04T15:00:00Z,2023-07-20T01:30:00Z,2023-07-19T00:00:00.000-04:00,LIVE NATION MUSIC,"K8vZ91719n0, K8vZ91730MV",TICKETS_AVAILABLE,FEW_TICKETS_LEFT
130,Los Angeles Rams vs. Denver Broncos,vvG1IZ9a4HPZX4,Football,70.0,850.0,2022-05-10T11:40:00Z,2022-12-25T22:30:00Z,2022-05-10T11:40:00Z,2022-12-25T22:30:00Z,2022-12-25T00:00:00.000-05:00,NFL REGULAR SEASON,"K8vZ91719t0, K8vZ9171og7",TICKETS_AVAILABLE,FEW_TICKETS_LEFT
131,New Orleans Saints vs. Atlanta Falcons,G5viZ915Lfz7J,Football,0.0,0.0,2022-05-13T00:00:00Z,2022-05-13T01:00:00Z,2022-05-13T00:00:00Z,2022-12-18T19:00:00Z,2022-12-18T00:00:00.000-05:00,SEATGEEK,"K8vZ9171ouV, K8vZ9171ou0",TICKETS_AVAILABLE,FEW_TICKETS_LEFT
132,Eagles,vvG1HZ945oMe2u,Rock,125.0,445.0,2022-10-27T17:00:00Z,2023-02-20T05:00:00Z,2022-10-28T17:00:00Z,2023-02-20T05:00:00Z,2023-02-19T00:00:00.000-05:00,LIVE NATION MUSIC,K8vZ9171ob7,TICKETS_AVAILABLE,TICKETS_AVAILABLE
133,Tennessee Titans v TBD - AFC Wild Card Game,G5viZ9pxmKgCx,Football,59.0,397.0,NA,NA,2022-12-15T16:00:00Z,2023-01-14T19:00:00Z,2023-01-14T00:00:00.000-05:00,NFL PLAYOFFS & SUPERBOWL,K8vZ91719u7,TICKETS_AVAILABLE,FEW_TICKETS_LEFT
134,Eagles,G5vYZ9fi0NkWR,Rock,125.0,445.0,2022-10-27T17:00:00Z,2022-10-28T05:00:00Z,2022-10-28T17:00:00Z,2023-02-22T05:00:00Z,2023-02-21T00:00:00.000-05:00,LIVE NATION MUSIC,K8vZ9171ob7,TICKETS_AVAILABLE,TICKETS_AVAILABLE
135,Shania Twain: Queen Of Me Tour,vvG1jZ9b27FSXg,Country,35.95,220.95,2022-12-15T16:00:00Z,2022-12-16T04:00:00Z,2022-12-16T16:00:00Z,2023-11-01T02:30:00Z,2023-10-31T00:00:00.000-04:00,FRANK PRODUCTIONS,"K8vZ91719n0, K8vZ917_360",TICKETS_AVAILABLE,TICKETS_AVAILABLE
136,P!NK: Summer Carnival 2023,G5dIZ9p9z5bkM,Rock,39.95,349.95,2022-11-19T16:00:00Z,2022-11-21T05:00:00Z,2022-11-21T16:00:00Z,2023-09-28T01:30:00Z,2023-09-27T00:00:00.000-04:00,LIVE NATION MUSIC,"K8vZ9171Jo7, K8vZ9175z3V, K8vZ917ufxV, K8vZ9178Lb7",TICKETS_AVAILABLE,TICKETS_AVAILABLE
137,Shania Twain: Queen Of Me Tour,vvG1iZ94EbSeQa,Country,40.95,300.95,2022-11-03T17:00:00Z,2022-11-04T05:00:00Z,2022-11-04T17:00:00Z,2023-05-29T03:30:00Z,2023-05-28T00:00:00.000-04:00,ANDREW HEWITT & BILL SILVA PRESENTS,"K8vZ91719n0, K8vZ917Kj1f",TICKETS_AVAILABLE,TICKETS_AVAILABLE
138,Los Angeles Chargers vs. Los Angeles Rams,vvG1IZ9a9KidJb,Football,89.0,749.0,2022-05-13T00:00:00Z,2022-05-13T02:00:00Z,2022-05-13T02:00:00Z,2023-01-02T02:20:00Z,2023-01-01T00:00:00.000-05:00,NFL REGULAR SEASON,"K8vZ9171og0, K8vZ91719t0",TICKETS_AVAILABLE,FEW_TICKETS_LEFT
139,Eagles,vvG1IZ9o1GLwpt,Rock,189.5,399.5,2022-10-27T17:00:00Z,2022-10-28T05:00:00Z,2022-10-28T17:00:00Z,2023-02-25T04:00:00Z,2023-02-24T00:00:00.000-05:00,LIVE NATION MUSIC,K8vZ9171ob7,TICKETS_AVAILABLE,FEW_TICKETS_LEFT
140,Falcons vs. Cardinals,vvG1zZ9a9s-gJa,Football,25.0,365.0,2022-05-13T00:00:00Z,2022-05-16T03:59:00Z,2022-05-13T00:00:00Z,2023-01-01T20:00:00Z,2023-01-01T00:00:00.000-05:00,NFL REGULAR SEASON,"K8vZ9171ou0, K8vZ917198f",TICKETS_AVAILABLE,FEW_TICKETS_LEFT
141,Shania Twain: Queen Of Me Tour,G5diZ94NPjotW,Country,65.95,300.95,2022-11-01T14:00:00Z,2023-07-11T23:30:00Z,2022-11-04T13:00:00Z,2023-07-11T23:30:00Z,2023-07-11T00:00:00.000-04:00,LIVE NATION - NO LN CONCERTS BRANDING,"K8vZ91719n0, K8vZ917_bOf",TICKETS_AVAILABLE,TICKETS_AVAILABLE
142,New York Jets vs. Detroit Lions,k7vGF9a4gI-6Y,Football,62.0,725.0,2022-05-13T00:00:00Z,2022-05-16T13:59:00Z,2022-05-16T14:00:00Z,2022-12-18T20:00:00Z,2022-12-18T00:00:00.000-05:00,NFL REGULAR SEASON,"K8vZ9171oGV, K8vZ9171oUf",TICKETS_AVAILABLE,FEW_TICKETS_LEFT
143,Green Bay Packers vs. Los Angeles Rams,vvG1jZ9ahfTPJg,Football,89.0,432.0,2022-05-13T00:00:00Z,2022-12-20T02:15:00Z,2022-08-08T22:00:00Z,2022-12-20T02:15:00Z,2022-12-19T00:00:00.000-05:00,NFL REGULAR SEASON,"K8vZ9171oC7, K8vZ91719t0",TICKETS_AVAILABLE,FEW_TICKETS_LEFT
144,Shania Twain: Queen Of Me Tour,G5viZ99CgEJwx,Country,36.95,221.95,2022-12-01T16:00:00Z,2022-12-02T04:00:00Z,2022-12-02T16:00:00Z,2023-07-25T00:30:00Z,2023-07-24T00:00:00.000-04:00,LIVE NATION MUSIC,"K8vZ91719n0, K8vZ91730MV",TICKETS_AVAILABLE,FEW_TICKETS_LEFT
145,Bud Light Super Bowl Music Fest - Imagine Dragons and Kane Brown,G5v0Z9927qdHo,Undefined,55.0,1000.0,2022-11-30T17:00:00Z,2022-12-02T05:00:00Z,2022-12-02T17:00:00Z,2023-02-12T04:00:00Z,2023-02-11T00:00:00.000-05:00,PROMOTED BY VENUE,"K8vZ9179tkf, K8vZ917GSz7, K8vZ917fFLf",TICKETS_NOT_AVAILABLE,FEW_TICKETS_LEFT
146,Miami Heat vs. Los Angeles Lakers,vvG1VZ9odV2H3y,Basketball,126.0,2000.0,2022-08-19T16:00:00Z,2022-08-22T15:59:00Z,2022-08-22T16:00:00Z,2022-12-29T03:30:00Z,2022-12-28T00:00:00.000-05:00,PROMOTED BY TEAM,"K8vZ9171oZ7, K8vZ91718T0",TICKETS_AVAILABLE,FEW_TICKETS_LEFT
147,Arizona Cardinals vs. Tampa Bay Buccaneers,G5v0Z9anqSvjB,Football,0.0,0.0,2022-05-13T00:00:00Z,2022-05-13T06:00:00Z,2022-05-13T00:00:00Z,2022-12-26T02:20:00Z,2022-12-25T00:00:00.000-05:00,SEATGEEK,"K8vZ917198f, K8vZ9171oCV",TICKETS_AVAILABLE,TICKETS_NOT_AVAILABLE
148,Minnesota Timberwolves vs. Chicago Bulls,Z7r9jZ1Ad4s0e,Basketball,0.0,0.0,NA,NA,1900-01-01T18:00:00Z,2022-12-19T00:00:00Z,2022-12-18T00:00:00.000-05:00,NA,"K8vZ9171o10, K8vZ91718X0",UNKNOWN,UNKNOWN
149,Shania Twain: Queen Of Me Tour,vvG1YZ9bpfGoLF,Country,77.0,222.0,2022-12-13T16:00:00Z,2022-12-16T04:00:00Z,2022-12-16T16:00:00Z,2023-10-14T00:30:00Z,2023-10-13T00:00:00.000-04:00,LIVE NATION MUSIC,"K8vZ91719n0, K8vZ917_360",TICKETS_AVAILABLE,TICKETS_AVAILABLE
150,Sacramento Kings vs. Los Angeles Lakers,G5vYZ98KiMt6A,Basketball,10.0,471.0,2022-08-17T19:05:00Z,2022-08-18T18:59:00Z,2022-08-18T19:00:00Z,2022-12-22T04:00:00Z,2022-12-21T00:00:00.000-05:00,NBA REGULAR SEASON,"K8vZ9171o50, K8vZ91718T0",TICKETS_AVAILABLE,FEW_TICKETS_LEFT
151,Houston Rockets vs. San Antonio Spurs,Z7r9jZ1Ad4sJ_,Basketball,0.0,0.0,NA,NA,1900-01-01T18:00:00Z,2022-12-20T01:00:00Z,2022-12-19T00:00:00.000-05:00,NA,"K8vZ91718Tf, K8vZ9171ov0",UNKNOWN,UNKNOWN
152,Chicago Bears vs. Minnesota Vikings,vvG18Z96kQMvfW,Football,83.0,587.0,2022-05-13T00:00:00Z,2022-05-13T01:00:00Z,2022-05-13T01:30:00Z,2023-01-08T19:00:00Z,2023-01-08T00:00:00.000-05:00,NFL REGULAR SEASON,"K8vZ9171ou7, K8vZ9171oM7",TICKETS_AVAILABLE,FEW_TICKETS_LEFT
153,Charlotte Hornets vs. Los Angeles Lakers,G5eVZ92m6bed4,Basketball,75.0,1795.0,2022-08-18T13:00:00Z,2022-08-19T13:59:00Z,2022-08-19T14:00:00Z,2023-01-03T01:30:00Z,2023-01-02T00:00:00.000-05:00,NBA REGULAR SEASON,"K8vZ9175Nnf, K8vZ91718T0",TICKETS_AVAILABLE,FEW_TICKETS_LEFT
154,Dallas Mavericks vs. Los Angeles Lakers,vvG1YZ9oFlwIv0,Basketball,145.0,950.0,2022-08-25T15:00:00Z,2022-08-26T02:00:00Z,2022-08-27T15:00:00Z,2022-12-25T21:30:00Z,2022-12-25T00:00:00.000-05:00,NBA REGULAR SEASON,"K8vZ9171o17, K8vZ91718T0",TICKETS_AVAILABLE,FEW_TICKETS_LEFT
155,Vegas Golden Knights vs. Arizona Coyotes,Z7r9jZ1Adfs1F,Hockey,0.0,0.0,NA,NA,1900-01-01T06:00:00Z,2022-12-22T03:00:00Z,2022-12-21T00:00:00.000-05:00,NA,"K8vZ917pkPf, K8vZ9171oo7",UNKNOWN,UNKNOWN
156,Boston Bruins vs. Buffalo Sabres,vvG17Z9uDXNa5f,Hockey,225.0,1541.5,2022-07-07T14:00:00Z,2022-07-07T17:55:00Z,2022-07-07T18:00:00Z,2022-12-31T19:00:00Z,2022-12-31T00:00:00.000-05:00,NHL REGULAR SEASON,"K8vZ9171o27, K8vZ9171oz7",TICKETS_AVAILABLE,FEW_TICKETS_LEFT
157,Shania Twain: Queen Of Me Tour,vvG1bZ9bpR53Ja,Country,46.95,221.95,2022-12-13T16:00:00Z,2022-12-16T04:00:00Z,2022-12-16T16:00:00Z,2023-11-03T01:30:00Z,2023-11-02T00:00:00.000-04:00,LIVE NATION MUSIC,"K8vZ91719n0, K8vZ917_360",TICKETS_AVAILABLE,TICKETS_AVAILABLE
158,Cleveland Browns vs. New Orleans Saints,vvG1fZ915EjEAr,Football,59.0,750.0,NA,NA,2022-05-13T00:00:00Z,2022-12-24T19:00:00Z,2022-12-24T00:00:00.000-05:00,NFL REGULAR SEASON,"K8vZ9171oV7, K8vZ9171ouV",TICKETS_AVAILABLE,FEW_TICKETS_LEFT
159,Los Angeles Lakers vs. Charlotte Hornets,G5eYZ98HCKOVI,Basketball,110.0,1000.0,2022-08-29T22:00:00Z,2022-08-30T05:00:00Z,2022-08-30T17:00:00Z,2022-12-24T03:30:00Z,2022-12-23T00:00:00.000-05:00,NBA REGULAR SEASON,"K8vZ91718T0, K8vZ9175Nnf",TICKETS_AVAILABLE,FEW_TICKETS_LEFT
160,Tennessee Titans vs. Houston Texans,G5viZ9aCSeJOi,Football,60.0,390.0,NA,NA,2022-05-13T00:00:00Z,2022-12-24T19:00:00Z,2022-12-24T00:00:00.000-05:00,NFL REGULAR SEASON,"K8vZ91719u7, K8vZ91756Kf",TICKETS_AVAILABLE,FEW_TICKETS_LEFT
161,Phoenix Suns vs. Los Angeles Lakers,G5v0Z98m2cs4j,Basketball,68.0,5268.0,2022-08-17T19:30:00Z,2022-08-29T20:00:00Z,2022-08-29T20:00:00Z,2022-12-20T04:00:00Z,2022-12-19T00:00:00.000-05:00,NBA REGULAR SEASON,"K8vZ9171oZf, K8vZ91718T0",TICKETS_AVAILABLE,FEW_TICKETS_LEFT
162,Detroit Red Wings vs. Tampa Bay Lightning,vvG1OZ9uMPAAf4,Hockey,69.0,355.0,2022-07-07T14:00:00Z,2022-12-22T00:00:00Z,2022-08-05T14:00:00Z,2022-12-22T00:00:00Z,2022-12-21T00:00:00.000-05:00,NHL REGULAR SEASON,"K8vZ9171o20, K8vZ9171oBV",TICKETS_AVAILABLE,FEW_TICKETS_LEFT
163,Los Angeles Lakers vs. Washington Wizards,G5eYZ98HC3OVJ,Basketball,90.0,1000.0,2022-08-29T22:00:00Z,2022-08-30T05:00:00Z,2022-08-30T17:00:00Z,2022-12-19T02:30:00Z,2022-12-18T00:00:00.000-05:00,NBA REGULAR SEASON,"K8vZ91718T0, K8vZ9171oVf",TICKETS_AVAILABLE,FEW_TICKETS_LEFT
164,Washington Wizards vs. Philadelphia 76ers,G5vfZ9odk8Ne6,Basketball,32.0,888.0,2022-08-17T19:00:00Z,2022-08-29T02:00:00Z,NA,NA,2022-12-27T00:00:00.000-05:00,NBA REGULAR SEASON,"K8vZ9171oVf, K8vZ9171oZ0",TICKETS_AVAILABLE,FEW_TICKETS_LEFT
165,Boston Bruins vs. Winnipeg Jets,vvG17Z9uDXxt5u,Hockey,170.0,1541.5,2022-07-07T14:00:00Z,2022-07-07T17:55:00Z,2022-07-07T18:00:00Z,2022-12-23T01:00:00Z,2022-12-22T00:00:00.000-05:00,NHL REGULAR SEASON,"K8vZ9171o27, K8vZ917Cly7",TICKETS_AVAILABLE,FEW_TICKETS_LEFT
166,Boston Bruins vs. Florida Panthers,vvG17Z9uDX-y5a,Hockey,105.0,1541.5,2022-07-07T14:00:00Z,2022-07-07T17:55:00Z,2022-07-07T18:00:00Z,2022-12-20T01:00:00Z,2022-12-19T00:00:00.000-05:00,NHL REGULAR SEASON,"K8vZ9171o27, K8vZ9171pMf",TICKETS_AVAILABLE,FEW_TICKETS_LEFT
167,Cleveland Cavaliers vs. Brooklyn Nets,Z7r9jZ1Ad4sqk,Basketball,0.0,0.0,NA,NA,1900-01-01T18:00:00Z,2022-12-27T00:00:00Z,2022-12-26T00:00:00.000-05:00,NA,"K8vZ9171oa7, K8vZ9171o5f",UNKNOWN,UNKNOWN
168,Pittsburgh Penguins vs. Detroit Red Wings,G5vbZ9CkQTsz3,Hockey,89.0,999.0,2022-08-02T14:00:00Z,2022-08-03T13:59:00Z,2022-08-03T14:00:00Z,2022-12-29T01:00:00Z,2022-12-28T00:00:00.000-05:00,NHL REGULAR SEASON,"K8vZ9171o8f, K8vZ9171o20",TICKETS_AVAILABLE,FEW_TICKETS_LEFT
169,Eagles,G5vYZ9KBoi95B,Rock,299.95,679.95,NA,NA,2022-10-07T17:00:00Z,2023-02-18T02:00:00Z,2023-02-17T00:00:00.000-05:00,PROMOTED BY VENUE,K8vZ9171ob7,TICKETS_AVAILABLE,TICKETS_NOT_AVAILABLE
170,LA Clippers vs. Miami HEAT,Z7r9jZ1Ad4sO3,Basketball,0.0,0.0,NA,NA,1900-01-01T18:00:00Z,2023-01-03T03:30:00Z,2023-01-02T00:00:00.000-05:00,NA,"K8vZ9171o1V, K8vZ9171oZ7",UNKNOWN,UNKNOWN
171,Carolina Hurricanes vs. Pittsburgh Penguins,G5eVZ92Jp5KzQ,Hockey,45.0,350.0,NA,NA,2022-08-10T16:00:00Z,2022-12-18T23:00:00Z,2022-12-18T00:00:00.000-05:00,NHL REGULAR SEASON,"K8vZ9171o2f, K8vZ9171o8f",TICKETS_AVAILABLE,FEW_TICKETS_LEFT
172,Golden State Warriors vs. Los Angeles Lakers,G5vYZ98wrTwjs,Basketball,235.0,4000.0,2022-08-17T19:00:00Z,2022-10-19T02:00:00Z,2022-09-15T17:00:00Z,2023-02-12T02:00:00Z,2023-02-11T00:00:00.000-05:00,NBA REGULAR SEASON,"K8vZ9171oa0, K8vZ91718T0",TICKETS_AVAILABLE,FEW_TICKETS_LEFT
173,Washington Wizards vs. Golden State Warriors,G5vfZ9odATxXO,Basketball,115.0,1610.0,2022-08-17T19:00:00Z,2022-08-29T02:00:00Z,NA,NA,2023-01-16T00:00:00.000-05:00,NBA REGULAR SEASON,"K8vZ9171oVf, K8vZ9171oa0",TICKETS_AVAILABLE,FEW_TICKETS_LEFT
174,Detroit Red Wings vs. Florida Panthers,vvG1OZ9uMPk4fP,Hockey,69.0,355.0,2022-07-07T14:00:00Z,2023-01-07T00:00:00Z,2022-08-05T14:00:00Z,2023-01-07T00:00:00Z,2023-01-06T00:00:00.000-05:00,NHL REGULAR SEASON,"K8vZ9171o20, K8vZ9171pMf",TICKETS_AVAILABLE,FEW_TICKETS_LEFT
175,Brooklyn Nets vs. Philadelphia 76ers,Z7r9jZ1Ad4s-P,Basketball,0.0,0.0,NA,NA,1900-01-01T18:00:00Z,2023-02-11T23:00:00Z,2023-02-11T00:00:00.000-05:00,NA,"K8vZ9171o5f, K8vZ9171oZ0",UNKNOWN,UNKNOWN
176,Boston Celtics vs. Milwaukee Bucks,vvG17Z9oenrevC,Basketball,144.5,1254.5,NA,NA,2022-08-19T14:00:00Z,2022-12-25T23:00:00Z,2022-12-25T00:00:00.000-05:00,NBA REGULAR SEASON,"K8vZ91718Xf, K8vZ91718TV",TICKETS_AVAILABLE,FEW_TICKETS_LEFT
177,Los Angeles Kings vs. Boston Bruins,Z7r9jZ1AdfsqN,Hockey,0.0,0.0,NA,NA,1900-01-01T06:00:00Z,2023-01-06T03:30:00Z,2023-01-05T00:00:00.000-05:00,NA,"K8vZ9171ozf, K8vZ9171o27",UNKNOWN,UNKNOWN
178,Pittsburgh Penguins vs. New Jersey Devils,G5vbZ9CkhZvzQ,Hockey,79.0,999.0,2022-08-02T14:00:00Z,2022-08-03T13:59:00Z,2022-08-03T14:00:00Z,2022-12-31T00:30:00Z,2022-12-30T00:00:00.000-05:00,NHL REGULAR SEASON,"K8vZ9171o8f, K8vZ9171oyV",TICKETS_AVAILABLE,FEW_TICKETS_LEFT
179,Detroit Red Wings vs. Ottawa Senators,vvG1OZ9uMPA4fh,Hockey,79.0,385.0,2022-07-07T14:00:00Z,2023-01-01T00:00:00Z,2022-08-05T14:00:00Z,2023-01-01T00:00:00Z,2022-12-31T00:00:00.000-05:00,NHL REGULAR SEASON,"K8vZ9171o20, K8vZ9171oB0",TICKETS_AVAILABLE,FEW_TICKETS_LEFT
180,New Jersey Devils vs. Boston Bruins,vvG1FZ9ChlxUNT,Hockey,101.0,465.0,2022-11-15T14:00:00Z,2022-11-21T04:59:00Z,2022-08-11T14:00:00Z,2022-12-24T01:00:00Z,2022-12-23T00:00:00.000-05:00,NHL REGULAR SEASON,"K8vZ9171oyV, K8vZ9171o27",TICKETS_AVAILABLE,FEW_TICKETS_LEFT
181,Philadelphia 76ers vs. Toronto Raptors,vvG1FZ92wuBfk7,Basketball,20.0,400.0,2022-09-15T13:00:00Z,2022-09-16T14:00:00Z,2022-09-16T14:00:00Z,2022-12-20T00:00:00Z,2022-12-19T00:00:00.000-05:00,NBA REGULAR SEASON,"K8vZ9171oZ0, K8vZ9171KC0",TICKETS_AVAILABLE,FEW_TICKETS_LEFT
182,Detroit Red Wings vs. New Jersey Devils,vvG1OZ9uMPkAfq,Hockey,65.0,325.0,2022-07-07T14:00:00Z,2023-01-05T00:00:00Z,2022-08-05T14:00:00Z,2023-01-05T00:00:00Z,2023-01-04T00:00:00.000-05:00,NHL REGULAR SEASON,"K8vZ9171o20, K8vZ9171oyV",TICKETS_AVAILABLE,FEW_TICKETS_LEFT
183,Boston Bruins vs. Seattle Kraken,vvG17Z9uDXNy5h,Hockey,145.0,1541.5,2022-07-07T14:00:00Z,2022-07-07T17:55:00Z,2022-07-07T18:00:00Z,2023-01-13T01:00:00Z,2023-01-12T00:00:00.000-05:00,NHL REGULAR SEASON,"K8vZ9171o27, K8vZ917_vgV",TICKETS_AVAILABLE,FEW_TICKETS_LEFT
184,New York Knicks vs. Golden State Warriors,G5diZ9oemBo9G,Basketball,125.0,8322.5,2022-09-13T14:00:00Z,2022-09-15T13:59:00Z,2022-09-15T14:00:00Z,2022-12-21T01:00:00Z,2022-12-20T00:00:00.000-05:00,NBA REGULAR SEASON,"K8vZ9171o57, K8vZ9171oa0",TICKETS_AVAILABLE,FEW_TICKETS_LEFT
185,Houston Texans vs. Jacksonville Jaguars,G5dIZ91KhRMYb,Football,53.0,466.0,2022-05-13T00:00:00Z,2022-05-13T01:00:00Z,2022-05-13T00:00:00Z,2023-01-01T19:00:00Z,2023-01-01T00:00:00.000-05:00,NFL REGULAR SEASON,"K8vZ91756Kf, K8vZ9171poV",TICKETS_AVAILABLE,FEW_TICKETS_LEFT
186,Los Angeles Lakers vs. Miami Heat,G5eYZ98HuMYSe,Basketball,110.0,1000.0,2022-08-29T22:00:00Z,2022-08-30T05:00:00Z,2022-08-30T17:00:00Z,2023-01-05T03:00:00Z,2023-01-04T00:00:00.000-05:00,NBA REGULAR SEASON,"K8vZ91718T0, K8vZ9171oZ7",TICKETS_AVAILABLE,FEW_TICKETS_LEFT
187,New Jersey Devils vs. Boston Bruins,vvG1FZ9ChlNJ0A,Hockey,115.0,523.0,2022-11-15T14:00:00Z,2022-11-21T04:59:00Z,2022-08-11T14:00:00Z,2022-12-29T01:00:00Z,2022-12-28T00:00:00.000-05:00,NHL REGULAR SEASON,"K8vZ9171oyV, K8vZ9171o27",TICKETS_AVAILABLE,FEW_TICKETS_LEFT
188,Detroit Red Wings vs. Columbus Blue Jackets,vvG1OZ9uMP6PfR,Hockey,69.0,355.0,2022-07-07T14:00:00Z,2023-01-15T00:00:00Z,2022-08-05T14:00:00Z,2023-01-15T00:00:00Z,2023-01-14T00:00:00.000-05:00,NHL REGULAR SEASON,"K8vZ9171o20, K8vZ9171-C0",TICKETS_AVAILABLE,FEW_TICKETS_LEFT
189,St. Louis Blues vs. Chicago Blackhawks,vvG1bZ92R_3_ZH,Hockey,0.0,0.0,2022-07-29T21:00:00Z,2022-12-30T02:00:00Z,2022-08-26T15:00:00Z,2022-12-30T02:00:00Z,2022-12-29T00:00:00.000-05:00,NHL REGULAR SEASON,"K8vZ9171o2V, K8vZ9171oz0",TICKETS_AVAILABLE,FEW_TICKETS_LEFT
190,New Orleans Pelicans vs. Washington Wizards,Z7r9jZ1Ad4w1e,Basketball,0.0,0.0,NA,NA,1900-01-01T18:00:00Z,2023-01-29T01:00:00Z,2023-01-28T00:00:00.000-05:00,NA,"K8vZ9171oaV, K8vZ9171oVf",UNKNOWN,UNKNOWN
191,Pittsburgh Penguins vs. Carolina Hurricanes,G5vbZ9CkQTozu,Hockey,59.0,999.0,2022-08-02T14:00:00Z,2022-08-03T13:59:00Z,2022-08-03T14:00:00Z,2022-12-23T00:30:00Z,2022-12-22T00:00:00.000-05:00,NHL REGULAR SEASON,"K8vZ9171o8f, K8vZ9171o2f",TICKETS_AVAILABLE,FEW_TICKETS_LEFT
192,Washington Wizards vs. Phoenix Suns,G5vfZ9odkodea,Basketball,34.0,888.0,2022-08-17T19:00:00Z,2022-08-29T02:00:00Z,NA,NA,2022-12-28T00:00:00.000-05:00,NBA REGULAR SEASON,"K8vZ9171oVf, K8vZ9171oZf",TICKETS_AVAILABLE,FEW_TICKETS_LEFT
193,Brooklyn Nets vs. Washington Wizards,Z7r9jZ1Ad4s--,Basketball,0.0,0.0,NA,NA,1900-01-01T18:00:00Z,2023-02-04T23:00:00Z,2023-02-04T00:00:00.000-05:00,NA,"K8vZ9171o5f, K8vZ9171oVf",UNKNOWN,UNKNOWN
194,Detroit Red Wings vs. Philadelphia Flyers,vvG1OZ9uMPFAfS,Hockey,69.0,355.0,2022-07-07T14:00:00Z,2023-01-22T00:00:00Z,2022-08-05T14:00:00Z,2023-01-22T00:00:00Z,2023-01-21T00:00:00.000-05:00,NHL REGULAR SEASON,"K8vZ9171o20, K8vZ9171oy0",TICKETS_AVAILABLE,FEW_TICKETS_LEFT
195,Boston Bruins vs. Philadelphia Flyers,vvG17Z9uDXP_5O,Hockey,150.0,1541.5,2022-07-07T14:00:00Z,2022-07-07T17:55:00Z,2022-07-07T18:00:00Z,2023-01-16T19:00:00Z,2023-01-16T00:00:00.000-05:00,NHL REGULAR SEASON,"K8vZ9171o27, K8vZ9171oy0",TICKETS_AVAILABLE,FEW_TICKETS_LEFT
196,Vegas Golden Knights vs. Pittsburgh Penguins,Z7r9jZ1Adfs1_,Hockey,0.0,0.0,NA,NA,1900-01-01T06:00:00Z,2023-01-06T03:00:00Z,2023-01-05T00:00:00.000-05:00,NA,"K8vZ917pkPf, K8vZ9171o8f",UNKNOWN,UNKNOWN
197,Tampa Bay Lightning vs. Arizona Coyotes,vvG1VZ92wkMiQd,Hockey,48.25,995.25,2022-08-02T14:00:00Z,2022-08-05T12:00:00Z,2022-08-05T14:00:00Z,2022-12-31T23:00:00Z,2022-12-31T00:00:00.000-05:00,NHL REGULAR SEASON,"K8vZ9171oBV, K8vZ9171oo7",TICKETS_AVAILABLE,FEW_TICKETS_LEFT
198,Portland Trail Blazers vs. Los Angeles Lakers,vvG1HZ92maWds-,Basketball,90.0,2500.0,2022-08-24T17:00:00Z,2022-08-25T06:59:00Z,2022-08-25T17:00:00Z,2023-01-23T03:00:00Z,2023-01-22T00:00:00.000-05:00,NBA REGULAR SEASON,"K8vZ9171oZV, K8vZ91718T0",TICKETS_AVAILABLE,FEW_TICKETS_LEFT
199,Philadelphia Flyers vs. Arizona Coyotes,Z7r9jZ1AdfsPk,Hockey,0.0,0.0,NA,NA,1900-01-01T18:00:00Z,2023-01-06T00:00:00Z,2023-01-05T00:00:00.000-05:00,NA,"K8vZ9171oy0, K8vZ9171oo7",UNKNOWN,UNKNOWN
